alpha-1 antitrypsin (aat) deficiency,"['wheezing whistling sounds breathe', 'colds often', 'feeling tired', 'fast heartbeat stand', 'weight loss', 'vitamin', 'medicines ease', 'treatments bleeding fluid belly']"
achilles tendon injury,"['heard pop snap time injury', 'bear weight foot ankle', 'pain keeps night', 'leg swelling', 'foot ankle turns different color', 'foot ankle feels hotter colder rest leg', 'signs infection like high fever feeling run']"
epilepsy corpus callosotomy,"['scalp numbness', 'nausea', 'feeling tired depressed', 'headaches', 'difficulty speaking remembering things finding words', 'paralysis weakness loss sensation', 'change personality']"
amenorrhea,"['pain', 'changes', 'headaches', 'acne', 'hair loss', 'milky discharge nipples']"
bursitis,"['imaging tests', 'lab tests']"
dwarfism,"['larger head', 'late development certain motor skills sitting walking', 'breathing problems', 'curvature spine', 'bowed legs', 'joint stiffness', 'lower back pain', 'crowding teeth']"
bunions,"['swelling', 'redness', 'tenderness touch', 'pain', 'limited movement joint toe', 'corns calluses']"
bird flu,"['gut problems nausea belly pain diarrhea vomiting', 'breathing problems shortness breath serious respiratory distress failure pneumonia respiratory diseases', 'brain nervous system changes might notice shifts behavior thinking even organ function seizures possible serious cases']"
autosomal dominant polycystic kidney disease,"['pain', 'blood', 'swelling belly cysts grow', 'fatigue', 'need pee often', 'irregular periods', 'nausea', 'shortness breath', 'swollen ankles', 'erectile dysfunction']"
pudendal neuralgia,"['sharp burning pain', 'sensitivity', 'numbness pins needles feeling like leg falls asleep', 'swollen feeling', 'sudden frequent need bathroom', 'trouble pain sex', 'men problems getting erection']"
brucellosis,"['fever common symptom high spikes usually occur afternoon', 'back pain', 'body wide aches pains', 'poor appetite weight loss', 'headache', 'night sweats', 'weakness', 'abdominal pain', 'cough', 'abortus', 'canis', 'suis', 'melitensis', 'fatigue', 'fevers', 'joint pain', 'miscarriage', 'birth defects baby']"
yellow fever,"['fever chills', 'flu', 'jaundice', 'hepatitis', 'internal bleeding hemorrhaging', 'vomiting', 'shock', 'multisystem organ failure leading death']"
burning mouth syndrome,"['burning feeling tongue roof mouth gums inside cheeks back throat may relieved eating drinking', 'numbness tingling tongue come', 'trouble swallowing', 'dry mouth', 'sore throat', 'changes taste bad taste metal mouth', 'allergy test', 'biopsy', 'blood', 'scan several rays taken different angles put together show complete picture', 'mri powerful magnets radio waves combine make detailed images', 'salivary flow tests measure', 'medicines help nerve related pain amitriptyline', 'capsaicin', 'clonazepam', 'female', 'mouth rinses', 'products replace', 'vitamin', 'avoid acidic foods like tomatoes orange citrus juices', 'avoid', 'avoid cinnamon mint', 'avoid spicy foods', 'avoid', 'chew', 'drink lot fluids', 'reduce stress', 'stay socially active join pain support group', 'suck crushed ice']"
cystic lung disease,"['chest pain', 'tiredness', 'coughing', 'shortness breath', 'wheezing', 'chest pain', 'fever', 'night sweats', 'tiredness', 'weight loss']"
cyclic migraines,"['stress', 'changes', 'changes weather', 'dehydration', 'alcohol', 'types foods', 'strong smells foods chemicals perfume']"
cushing's syndrome,"['rounded rosy face', 'weight gain', 'fat pad upper back base neck may hear called buffalo hump', 'thinning skin easy', 'acne', 'weak muscles especially using shoulders hip muscles', 'high blood pressure', 'high', 'depression', 'osteoporosis', 'kidney stones', 'sleep', 'extra hair growth body face', 'irregular periods', 'low', 'decreased', 'amount extra cortisol', 'cause high cortisol', 'long condition', 'overall health']"
dyslexia,"['hard learn remember letters alphabet', 'gets letters words mixed', 'falls behind peers language skills', 'mispronounces familiar words', 'trouble letters mistaking', 'recognize rhyming patterns like humpty dumpty sat wall humpty dumpty great fall']"
abnormal uterine bleeding,"['blood work', 'ultrasound', 'hysteroscopy', 'biopsy', 'magnetic resonance imaging', 'hormones', 'gonadotropin releasing hormone agonists gnrha gnrha antagonists', 'nsaids', 'tranexamic acid', 'iud', 'endometrial ablation', 'myomectomy uterine', 'hysterectomy']"
ovarian cysts,"['pelvic pain pressure', 'dull ache back', 'bloating', 'nausea', 'swelling belly area', 'pain sex', 'pain period', 'frequent urge pee poop', 'bloating pressure belly', 'urges pee often', 'pain lower belly pelvis', 'pain lower back', 'fatigue', 'changes often poop including constipation', 'losing weight known reason']"
peptic ulcer,"['bloated feeling', 'burping', 'lack appetite weight loss', 'nausea', 'bloody dark', 'vomiting']"
losing voice,"['pain swallowing', 'pain ear', 'trouble breathing', 'lump neck']"
duchenne muscular dystrophy,"['curved spine also called', 'shortened tight muscles legs called contractures', 'headaches', 'problems learning memory', 'shortness breath', 'sleepiness', 'trouble concentrating', 'old child started walking', 'well things like run climb stairs get floor', 'long noticed problems', 'anyone else family', 'well pay attention remember things']"
rubella,"['mild fever 100', 'swollen pink colored', 'headache', 'swollen glands', 'stuffy', 'cough', 'sore joints common young women', 'general discomfort', 'lymph nodes may swollen enlarged']"
exocrine pancreatic insufficiency,"['pain tenderness belly', 'bad smelling bowel movements', 'diarrhea', 'gas', 'feeling full', 'pain upper belly', 'bad smelling bowel movements oily hard flush toilet', 'gas diarrhea', 'lost weight']"
germ cell tumors,"['blood', 'imaging']"
exercise treat arthritis,"['help maintain normal joint movement', 'increase muscle flexibility strength', 'help maintain weight reduce pressure joints', 'help keep bone cartilage tissue strong healthy', 'improve endurance cardiovascular fitness', 'unusual persistent', 'sharp increased pain', 'increased weakness', 'decreased range motion', 'increased', 'continuing pain']"
copd exercise,"['nausea', 'dizziness', 'weakness', 'rapid', 'severe shortness breath', 'pain', 'pressure pain chest arm neck jaw shoulder']"
frozen shoulder (adhesive capsulitis),"['joint distension', 'physical therapy', 'surgery', 'shoulder manipulation']"
neuroleptic malignant syndrome,"['high fever', 'muscle stiffness', 'sweating', 'anxiety changes mental state', 'fast abnormal heartbeat', 'quick breathing', 'blood', 'brain', 'test spinal fluid', 'eeg find electrical problems brain']"
plantar fasciitis,"['ray rule']"
fournier's gangrene,"['pain around genitals anus gets worse', 'pain belly', 'color changes sore area', 'bad smell sore area', 'itchiness', 'popping sound rub sore area', 'fever chills', 'fast heart rate', 'low blood pressure', 'confusion', 'nausea vomiting', 'low energy', 'computerized tomography scan might help find infection', 'ultrasound exam help rule problems cause similar symptoms', 'rays look gas damaged tissues gas released bacteria cause fournier gangrene', 'blood tests look signs infections clues']"
grover's disease,"['sudden rash chest back sometimes arms legs', 'blisters containing thin watery liquid hair follicle center', 'blisters clumped together surrounded red swollen ring', 'itching may intense', 'antifungal pills', 'antifungal lotions selenium sulfide', 'cortisone shots', 'oral corticosteroids', 'antibiotics', 'systemic retinoid']"
porphyria,"['drinking', 'estrogen use women', 'hepatitis', 'hiv', 'smoking', 'barbiturates', 'sulfa', 'birth control pills', 'seizure', 'fasting', 'smoking', 'drinking alcohol', 'infections', 'menstrual hormones', 'stress', 'sun', 'belly', 'chest pain', 'faster', 'limb', 'muscle weakness', 'tingling loss sensation', 'cramping', 'vomiting', 'long term pain', 'kidney', 'liver cancer', 'hands', 'forearms', 'ears', 'neck', 'blisters', 'itching', 'swelling', 'pain', 'darkening thickening', 'regular removal blood lower amount iron liver called', 'low doses antimalarial drug', 'hematologists doctors treat blood diseases', 'dermatologists specialists skin diseases', 'hepatologists doctors treat', 'genetic counselors advise people risk inherited diseases']"
grieving stages grief,"['tiredness', 'headaches', 'nausea', 'upset stomach', 'joint pain', 'weak muscles', 'tightness throat chest', 'loss appetite', 'sleeping much little', 'feeling sad loved one died also sense relief pain', 'missing spouse divorce also feeling happy new start', 'guilt glad longer take care dying loved one', 'feeling apathy']"
baby group b strep,"['fever', 'fast slow strained', 'trouble eating', 'extreme', 'irritability', 'blue color', 'fluids vein', 'oxygen', 'medicines treat symptoms']"
goiter,"['hoarse voice', 'tightness throat', 'dizziness raise arms', 'swollen neck veins', 'coughing', 'trouble breathing', 'sweating', 'diarrhea', 'nausea', 'fast pulse heartbeat', 'shakiness hand tremors', 'weight loss', 'high', 'overheated feeling', 'nervousness', 'muscle', 'dry skin', 'tiredness', 'weight gain', 'constipation', 'irregular period', 'slowed physical mental functions', 'depression', 'cold feeling', 'tingling numbness hands']"
graft versus host disease,"['thickened skin sclerosis severe dryness extends skin genitals nails', 'swollen belly weight loss able eat', 'high levels cholesterol blood fats signs liver working well', 'dry mouth sensitivity certain foods possibly gum disease', 'gritty dry eyes changes vision', 'dry cough shortness breath', 'muscle pain weakness loss range motion', 'painful sex due changes within genitals vagina', 'corticosteroids usually first drugs given acute gvhd doctor may put methylprednisolone weeks chronic gvhd might take prednisone pill form weeks months goal taper drugs soon possible']"
hypoparathyroidism,"['muscle cramps spasms legs feet lower back face', 'tingling fingers toes lips', 'anxiety', 'heart failure', 'irregular heartbeat', 'low blood pressure', 'seizures', 'cataracts', 'dental problems', 'movement disorders like tremors', 'hair loss brittle nails', 'bone disease']"
use heat ice pain,"['skin purplish red dark red spotty red white color', 'hives', 'swelling', 'blisters']"
prader-willi syndrome,"['poor muscle tone limbs hang loosely hold', 'inability suck nurse well gain weight slowly', 'eyes', 'appearance tired time', 'weak soft cry', 'poor response', 'babies', 'older kids teens']"
hyperemesis gravidarum,"['lifestyle changes', 'ginger', 'pyridoxine', 'thiamine', 'medications']"
rashes,"['blistering', 'redness', 'scaly dry skin', 'similarity hives', 'blotchiness', 'swelling inflammation', 'itchy skin', 'pain', 'infection areas broken skin', 'shiny flat topped bumps', 'large affected areas skin', 'circular shaped affected areas', 'skin', 'blood', 'allergy test']"
sideroblastic anemia,"['pale', 'rapid', 'headaches', 'heart palpitations', 'weakness', 'chest pain']"
anemia,"['dizziness lightheadness feeling like pass', 'fast unusual heartbeat', 'pain including bones chest belly joints', 'problems growth children', 'shortness breath', 'skin', 'cold hands', 'tiredness weakness', 'brittle nails', 'mouth ulcers', 'loss sexual interest', 'women increased menstrual bleeding', 'inflamed sore tongue', 'rest little activity shortness breath', 'getting lightheaded stand', 'pale skin color', 'pica syndrome desire eat non food things ice', 'blue color whites eyes']"
mononucleosis,"['fever', 'fatigue', 'sore throat', 'swollen lymph nodes', 'sore muscles', 'loss appetite', 'complete blood count', 'antibody tests']"
symptoms infantile spasms,"['positive myoclonus twitch muscles suddenly tense', 'negative myoclonus muscles suddenly relax']"
prediabetes (borderline diabetes),"['lot thirstier usual', 'pee lot', 'lot']"
idiopathic pulmonary fibrosis (ipf),"['chest pain tightness', 'leg swelling', 'loss appetite', 'feeling tired usual', 'joint muscle aches', 'weight loss without trying', 'clubbing tips fingers toes get wider']"
kneecap problems,"['bruises', 'walk', 'straighten knee keep straight raise leg']"
acute kidney failure,"['peeing less normal', 'swelling legs', 'feeling drowsy tired', 'shortness breath', 'itching', 'joint pain swelling', 'loss appetite', 'confusion', 'throwing feeling like going', 'chest pain', 'muscle', 'seizures', 'stomach', 'fever', 'rash', 'nosebleed']"
seborrheic dermatitis,"['flaking skin', 'flakes skin mustache', 'patches greasy skin covered flaky white yellow scales crust', 'rash may look darker lighter people brown black skin redder white skin', 'ring shaped annular rash called petaloid seborrheic dermatitis', 'itchiness pruritus', 'use oil remove scales', 'wash skin', 'avoid hair styling products', 'avoid skin hair products', 'clean eyelids', 'use aloe']"
kernicterus,"['seizures', 'unusual motor development movement', 'muscle spasms writhing', 'hearing sensory problems', 'inability gaze upward', 'stained']"
kawasaki disease,"['high fever', 'rash', 'peeling skin', 'swelling redness hands bottoms', 'red', 'swollen glands', 'irritated throat mouth lips', 'swollen bright red strawberry', 'joint pain', 'belly', 'stomach', 'peeling skin hands feet']"
klinefelter syndrome (xxy syndrome),"['hernia', 'quiet usual', 'slower learn sit crawl talk', 'testicles dropped scrotum', 'weaker muscles', 'hard time making friends talking feelings', 'low energy levels', 'problems learning read write math', 'shyness low confidence', 'larger', 'less facial body', 'less muscle tone muscles grow slower usual', 'longer arms legs wider hips shorter torso boys age', 'puberty never comes comes later quite finish', 'small', 'taller usual family', 'infertility', 'low', 'low testosterone', 'problems getting keeping erection']"
diabetic nephropathy,"['swelling hands feet face', 'trouble sleeping concentrating', 'poor appetite', 'nausea', 'weakness', 'itching', 'drowsiness end stage kidney disease', 'abnormalities hearts regular rhythm increased', 'muscle']"
kidney disease,"['high blood pressure', 'nausea vomiting', 'loss appetite', 'fatigue', 'weakness', 'trouble thinking', 'sleep', 'muscle', 'swelling', 'itching', 'chest pain', 'shortness breath fluid builds']"
high blood pressure kidney disease,"['high worsening blood pressure', 'decrease amount urine difficulty urinating', 'edema fluid retention especially lower legs', 'need urinate often especially night']"
nocardiosis,"['chest pain', 'coughing', 'sweating', 'chills', 'feeling weak', 'lack appetite', 'unexplained weight loss', 'shortness breath hard time breathing', 'bad', 'motor skills problem like balance hand', 'extreme sensitivity loud sounds bright lights']"
myelodysplastic syndromes,"['constant tiredness common symptom', 'unusual bleeding', 'bruises', 'paleness', 'shortness breath', 'take sample blood count different types cells', 'get sample bone marrow analysis technician insert special needle hip bone breastbone remove sample', 'order genetic analysis cells bone marrow']"
mumps,"['use cold warm packs swollen areas', 'drink lots fluids', 'eat soft foods', 'rest', 'take counter non aspirin pain relievers']"
peripheral neuropathy,"['tingling', 'numbness', 'loss sensation arms legs', 'burning sensation feet hands']"
multiple myeloma,"['bone pain', 'weakness fatigue', 'weight loss loss appetite', 'upset stomach', 'constipation', 'confusion', 'frequent infections', 'severe thirst', 'weakness numbness arms legs', 'bortezomib', 'carfilzomib', 'ixazomib']"
parkinson's plus syndromes,"['early signs dementia', 'falling often', 'trouble moving', 'symptoms get worse level', 'medication help people move easily feel less stiff drugs also help problems caused multiple system atrophy like fainting', 'cane walker help get around', 'speech therapy help communicate better', 'exercise', 'occupational therapy help make everyday tasks easier']"
muscular dystrophy,"['genes cause', 'muscles affects', 'age symptoms first appear', 'quickly disease gets worse', 'duchenne muscular dystrophy', 'becker muscular dystrophy', 'myotonic muscular dystrophy', 'congenital muscular dystrophy', 'limb girdle muscular dystrophy', 'facioscapulohumeral muscular dystrophy', 'distal muscular dystrophy', 'oculopharyngeal muscular dystrophy', 'emery dreifuss muscular dystrophy', 'fall often', 'weak muscles', 'trouble getting climbing stairs running jumping', 'walk toes waddle', 'curved spine called', 'droopy eyelids', 'heart problems', 'trouble breathing', 'vision problems', 'weakness muscles face', 'physical therapy', 'occupational therapy', 'speech therapy', 'respiratory therapy', 'medicines', 'eteplirsen exondys golodirsen vyondys53 vitolarsen viltepso', 'anti', 'blood pressure', 'drugs turn body immune system', 'steroids', 'creatine', 'surgery']"
pain relief,"['byron cryer spokesman american gastroenterological association associate professor medicine university texas southwestern medical center dallas', 'nieca goldberg spokeswoman american heart association chief women cardiac care lennox hill hospital new york', 'john klippel president ceo', 'scott zashin clinical assistant professor university texas southwestern medical center dallas author']"
broken nose,"['swollen bent crooked nose', 'pain especially touch nose', 'nosebleed', 'black', 'trouble breathing', 'mucus', 'cracking sound touch nose']"
non-small-cell lung cancer,"['coughing', 'chest pain', 'hoarseness voice changes', 'harsh raspy sounds breathe', 'wheezing', 'weight loss', 'coughing blood', 'shortness breath', 'feeling weak tired', 'lasting lung problems like', 'bone pain', 'headache', 'dizziness', 'numbness', 'yellow']"
renal cell carcinoma,"['lump side belly lower back', 'blood', 'low', 'losing weight', 'feeling', 'fever', 'feeling tired', 'enough red', 'night sweats', 'high levels', 'high blood pressure', 'first notice problem', 'blood urine', 'pain', 'anything make symptoms better worse', 'anyone family von hippel lindau disease kidney cancer']"
need nitroglycerin sudden chest pain,"['aching discomfort pain chest', 'aching discomfort pain jaw throat shoulders arms upper belly', 'trouble breathing', 'tiredness', 'nausea']"
polycystic ovary syndrome (pcos),"['non hyperandrogenic pcos type', 'ovulatory pcos type', 'non pco pcos type', 'full blown pcos type', 'insulin resistant pcos', 'inflammatory pcos', 'hidden cause pcos', 'pill induced pcos post pill pcos', 'periods regular', 'signs body making extra androgens acne excess facial body hair blood test shows high androgen levels', 'ovarian cysts enlarged ovaries show ultrasound', 'going sleep waking time day', 'avoiding screens close bedtime', 'making sure bedroom dark cool quiet']"
sleep disorders,"['urinary tract infection', 'diabetes', 'structural anatomical abnormality', 'sleep apnea', 'neurological problems', 'emotional problems']"
osgood-schlatter disease,"['rest', 'ice', 'cross training', 'stretching', 'protection', 'stabilization strap']"
peripheral artery disease (pad),"['changes color legs', 'erectile dysfunction', 'leg weakness', 'fatigue walking especially legs', 'legs cooler arms', 'one leg feels colder', 'loss', 'fainter pulse feet', 'shiny', 'skin looks pale kind blue', 'slow toenail growth', 'wounds sores toes feet heal well', 'family history pad heart attack stroke', 'high blood pressure', 'high cholesterol', 'smoke past', 'african american', 'overweight', 'control cholesterol blood pressure', 'control', 'eat healthy', 'exercise', 'smoke', 'angioplasty', 'medications', 'surgery']"
things prevent carpal tunnel syndrome,"['adjust keyboard position bend wrists type', 'keep elbows close side type']"
pneumonia,"['chest pain breathe cough', 'cough produces phlegm mucus', 'fatigue loss appetite', 'fever sweating chills', 'nausea vomiting', 'shortness breath', 'blood tests look signs bacterial infection', 'chest ray find infection lungs far spread', 'pulse oximetry measure level oxygen blood', 'arterial blood gas test measure oxygen small amount blood taken one arteries', 'bronchoscopy check airways blockages problems', 'scan get detailed image lungs', 'pleural fluid culture doctor removes small amount fluid tissues around lungs look bacteria might cause pneumonia']"
brain essential tremor,"['shaking brief periods time control', 'shaking voice', 'nodding head', 'tremors get worse emotional stress', 'tremors get worse move purpose', 'tremors lessen rest', 'balance problems rare cases', 'medications', 'adaptive devices', 'deep', 'mri guided focused high intensity', 'thalamotomy', 'biomechanical loading']"
polymyositis,"['muscle aches', 'fever', 'weight loss', 'fatigue', 'joint pain', 'trouble breathing', 'physical therapy', 'speech therapy', 'dietetic assessment']"
hyperthyroidism (overactive thyroid),"['thyroid panel', 'thyroid scan', 'ultrasound', 'radioactive iodine uptake test', 'headache', 'dizziness', 'digestive problems', 'orbital decompression surgery involves removing bone', 'eye']"
pick's disease,"['diagnosed earlier life', 'tend get lost familiar places', 'harder time making sense words words others', 'behavior problems early behavior problems usually come late', 'many']"
rett syndrome,"['less reaction pain usual', 'small hands feet often get cold', 'trouble chewing swallowing', 'grinding teeth', 'bowel problems']"
respiratory syncytial virus (rsv),"['high pitched whistling wheezing noise breathe', 'unusually upset inactive', 'cough yellow green gray mucus', 'trouble breathing pauses breaths', 'refusing breastfeed bottle feed', 'signs dehydration lack tears crying little urine diaper hours cool dry skin', 'remove sticky nasal fluids bulb syringe saline drops', 'use cool mist vaporizer keep air moist make breathing easier', 'give little one fluids small amounts throughout day', 'use non aspirin fever reducers acetaminophen check label follow directions carefully', 'oxygen', 'fluids', 'medications procedures intubation open airways']"
tuberous sclerosis complex (tsc),"['seizures', 'behavior changes', 'nausea', 'problems autism developmental delays', 'notice brought today start', 'seizures happens long last often', 'often', 'anyone else family seizures epilepsy', 'anyone family tsc', 'scan series rays creates detailed pictures body check tumors changes related disease', 'mri makes detailed image mri scan show', 'echocardiogram', 'gene tests done blood sample also confirm tsc']"
types stages syphilis,"['painless sores appear site infection', 'sores heal weeks still spread syphilis', 'easily treated cured medicine', 'rough red reddish brown', 'swollen lymph nodes', 'fever', 'sore throat', 'patchy', 'headaches', 'extreme tiredness', 'problems controlling muscle movements', 'numbness', 'vision', 'dementia']"
pilonidal cyst,"['pain', 'pus', 'bad smell pus', 'tenderness touch', 'fever']"
premature ovarian failure,"['hot flashes', 'night sweats', 'anxiety', 'concentration memory problems', 'trouble sleeping', 'vaginal dryness']"
sweet syndrome,"['feeling like flu', 'feeling', 'headaches', 'joint pain', 'mouth', 'pink eye']"
traveler's diarrhea,"['abrupt onset', 'fever', 'nausea vomiting', 'bloating', 'urgent need', 'malaise weakness discomfort', 'explosive painful gas', 'stomach', 'loss appetite']"
transthyretin familial amyloid polyneuropathy,"['cloudiness', 'dry eyes', 'increased pressure']"
concussions,"['confusion feeling dazed', 'clumsiness', 'slurred speech', 'nausea', 'headache', 'balance problems', 'blurred', 'sensitivity light', 'sensitivity noise', 'sluggishness', 'ringing ears', 'irritability behavior personality changes', 'difficulty concentrating', 'loss memory', 'fatigue sleepiness', 'loss consciousness', 'forgetfulness repeating', 'slowed response questions', 'problems sleep', 'depression', 'problems taste smell', 'headache', 'dizziness', 'problems balance', 'upset stomach vomiting', 'fatigue', 'sensitivity light noise', 'mental fogginess slowed thinking', 'problems memory concentration focus', 'feeling irritable sad nervous emotional usual', 'problems sleep', 'changes sleeping eating patterns', 'showing interest favorite toys', 'unsteadiness', 'staring blankly', 'able speak words slurred', 'loss consciousness', 'particularly babies crying without able consoled', 'also babies nursing eating', 'extreme emotions', 'confusion distraction', 'able preform new skills toilet training', 'large bruises head bumps places forehead', 'weakness arms legs', 'pale hour', 'changes behavior', 'becoming easily confused able recognize places people', 'slurred speech', 'problems mental function', 'stumbling clumsiness', 'vomiting nausea', 'dilated pupils', 'ringing ears away', 'seizures convulsions', 'dizziness away', 'improvement condition', 'unconscious longer seconds', 'worsening headache', 'fluid blood draining nose ears', 'take break', 'guard repeat concussions', 'treat pain aspirin free medications']"
toxoplasmosis,"['headaches', 'body aches', 'fever', 'feeling tired usual', 'confusion', 'lack coordination', 'blurred']"
tourette's syndrome,"['anxiety', 'learning disabilities', 'obsessive compulsive disorder', 'notice brought today', 'often move body way control long happening', 'ever say things make sounds without meaning start', 'anything make symptoms better makes worse', 'feel anxious trouble focusing', 'anyone else family kinds symptoms', 'mri uses powerful magnets radio waves make pictures organs structures inside body', 'scan powerful ray makes detailed images insides']"
dystonia,"['dragging leg', 'cramping foot', 'involuntary pulling neck', 'uncontrollable blinking', 'trouble speaking', 'handwriting gets worse write lines', 'tremor', 'levodopa sinemet tetrabenazine nitoman', 'benztropine cogentin procyclidine hydrochloride kemadrin trihexyphenidyl artane', 'baclofen baclofen clonazepam klonopin diazepam valium lorazepam ativan', 'botulinum toxin botox xeomin', 'deep brain stimulation dbs', 'surgeries', 'speech therapy voice therapy may help laryngeal dystonia strengthening muscles used speech', 'physical therapy focuses using movement stretch strengthen body specific exercises depend type dystonia best work physical therapist experience treating neurological conditions', 'occupational therapy like physical therapy focuses helping basic daily activities getting dressed', 'putting heat ice painful muscles', 'finding ways manage stress like deep breathing reaching loved ones support', 'trying sensory tricks may able temporarily stop muscle spasm simply touching part body nearby body part']"
transverse myelitis,"['pain back', 'sharp pain moves legs arms around chest belly', 'weakness paralysis legs arms', 'sensitivity touch point slight fingertip pressure causes pain', 'numbness pins needles feeling toes', 'muscle spasms', 'fever', 'loss appetite', 'bladder']"
toxic shock syndrome,"['high fever chills', 'muscle aches', 'vomiting diarrhea', 'headache', 'sore throat', 'low blood pressure', 'rash looks like sunburn especially palms bottoms feet', 'red eyes mouth throat', 'confusion', 'seizures', 'major criteria tss', 'tss typically caused']"
hypothyroidism (underactive thyroid),"['cold hands feet', 'constipation', 'extreme sleepiness', 'hoarse cry', 'little growth', 'low muscle tone floppy infant', 'persistent jaundice yellowing skin whites eyes', 'poor feeding habits', 'puffy face', 'stomach bloating', 'swollen tongue', 'umbilical hernia', 'delays puberty', 'delays growth shorter stature', 'slow mental development', 'slower development permanent teeth', 'thyroid stimulating hormone tsh']"
upper limb spasticity,"['stiff arm muscles', 'twitches movements control', 'trouble using moving arms', 'tightness muscles elbows wrists fingers', 'arms get stuck uncomfortable positions pressed side', 'rotated shoulders', 'bent elbows wrists', 'hands clenched fists', 'difficulty pain move straighten arm elbows wrists fingers', 'muscles spasms', 'start', 'often', 'anything make muscles feel better worse', 'pain stiffness', 'trouble daily tasks taking care hard', 'exercises like stretches', 'braces splints', 'onabotulinumtoxina', 'drugs', 'nerve block injections', 'surgery']"
vulvar cancer,"['change color vulva', 'unusual growths bumps may red pink white feel rough thick', 'change mole looks', 'thickened skin vulva', 'open sore', 'itching', 'pain', 'unusual', 'pain pee']"
von willebrand disease,"['frequent large', 'frequent hard stop', 'blood stool pee', 'heavy bleeding cut accident minor medical procedure', 'bleeding long period time major surgery', 'heavy long menstrual periods']"
vitamin b12 deficiency anemia,"['complete blood count', 'vitamin b12 level', 'intrinsic factor', 'schilling test', 'methylmalonic acid level mma']"
ventricular tachycardia,"['feeling lightheaded dizzy', 'chest pain', 'heart palpitations', 'shortness breath', 'fainting', 'tightness neck', 'stopped heart cardiac arrest', 'cardioversion', 'medications', 'cardiac resynchronization therapy crt', 'implantable cardioverter defibrillator icd', 'cardiac ablation']"
brain lesions,"['wait see lesion causing problems growing may need periodic checkups', 'surgical removal lesion possible new surgical techniques may make possible remove even hard reach lesions', 'chemotherapy', 'medication', 'medication calm immune system otherwise change immune system response', 'medication therapies relieve symptoms associated brain lesion']"
vaginal cancer,"['unusual bleeding vagina', 'watery bad smelling discharge vagina', 'pain', 'pain', 'pain peeing', 'peeing usual', 'constipation', 'lump vagina']"
vasculitis,"['fever', 'weight loss', 'loss appetite', 'fatigue', 'headache', 'general aches pains', 'eyes', 'skin', 'nerves', 'brain', 'heart', 'kidneys', 'digestive system', 'ears', 'hands feet', 'lungs', 'genitals', 'nose', 'mouth', 'type vasculitis', 'quickly diagnosed', 'organs affected seriously', 'health problems']"
sprained ankle,"['severe pain bruising severe swelling', 'bleeding numbness change color affected area', 'ankle looks deformed seems dislocated', 'put weight', 'rest ankle use crutches needed', 'ice ankle minutes every hours first days', 'compress wrap ankle lightly tightly elastic bandage ankle brace', 'first hours elevate raise ankle higher heart whenever lying']"
wolff-parkinson-white syndrome,"['dizziness', 'palpitations feeling heart flutter beat harder', 'loss consciousness', 'trouble breathing shortness breath']"
wilms tumor,"['belly', 'swelling belly', 'growth see feel belly', 'fever', 'nausea', 'lack appetite', 'high blood pressure', 'blood', 'constipation', 'shortness breath']"
vaginitis (vaginal infection),"['notice itching burning swelling soreness around outside vagina', 'burns pee', 'sex uncomfortable']"
vaginal yeast infections,"['burning redness swelling vagina vulva outer part female genitals', 'pain burning pee', 'pain sex', 'thick white odorless discharge similar cottage cheese']"
whooping cough,"['get lots', 'eat small meals often feel eating less often help prevent vomiting sometimes caused harsh coughing spells', 'clean air keeping air around free dust smoke irritants help soothe coughing', 'drink fluids stay hydrated drinking lots water juice']"
noonan syndrome,"['widely spaced', 'deep groove nose', 'low set', 'short neck', 'extra', 'small lower jaw', 'high arch roof', 'crooked teeth']"
wolf-hirschhorn syndrome,"['bulging wide set', 'droopy eyelids', 'cleft lip', 'downturned', 'low birth weight', 'microcephaly', 'underdeveloped muscles', 'scoliosis', 'heart kidney problems', 'failure thrive', 'physical', 'surgery repair defects', 'support social services', 'genetic counseling', 'special education', 'controlling seizures', 'drug therapy']"
whiplash,"['neck pain', 'headaches', 'pain', 'low', 'pain numbness arm hand', 'dizziness', 'difficulty concentrating remembering', 'irritability sleep disturbances']"
west nile virus,"['fever', 'headache', 'fatigue', 'skin rash', 'swollen lymph glands cases others', 'eye pain', 'fever', 'headache', 'stiff neck', 'changes consciousness ranging mild sluggishness severe mental confusion convulsions', 'fever headache', 'neurological symptoms including paralysis one limbs palsy may occur', 'tremors movement problems sometimes occur']"
west syndrome,"['crankiness', 'loss appetite', 'changes sleep patterns sleeping day less night', 'acting like see', 'slowed development', 'regression']"
tinea versicolor,"['patches white pink red brown may lighter darker skin around', 'spots tan way rest skin', 'spots show boldly tan', 'spots may occur anywhere body commonly seen neck chest back arms', 'spots dry scaly may']"
normal pressure hydrocephalus,"['memory loss', 'speech problems', 'apathy indifference withdrawal', 'changes behavior mood', 'difficulties reasoning paying attention judgment', 'walking problems', 'unsteadiness', 'leg weakness', 'sudden falls', 'shuffling steps', 'difficulty taking first step feet stuck floor', 'getting stuck freezing walking', 'inability hold urine', 'inability hold stool feces less common', 'frequent urination', 'urgency urinate', 'headache', 'nausea', 'difficulty focusing']"
tick bites,"['small hard bump sore', 'redness', 'swelling', 'body aches', 'chills', 'feeling', 'move arms legs part face', 'hard', 'severe headache', 'feel weakness arms legs']"
waldenstrom's macroglobulinemia,"['headaches', 'night sweats', 'lack appetite weight loss without trying', 'frequent infections', 'fevers', 'swollen belly lymph nodes', 'confusion dizziness clumsiness', 'shortness breath', 'changes vision blurriness', 'numbness tingling hands feet']"
thyroid cancer,"['neck throat pain', 'lump neck', 'difficulty swallowing', 'vocal changes hoarseness', 'cough']"
thrombophlebitis,"['one leg seems warmer swollen red painful irritated', 'affected limb becomes pale cold start feeling chills fever', 'sudden coughing may bring blood', 'sharp chest pain chest tightness', 'pain shoulder arm back jaw', 'rapid breathing shortness breath', 'pain breathe', 'severe lightheadedness', 'fast heartbeat']"
tenosynovitis,"['shoulder', 'upper arm', 'forearm', 'hands fingers', 'knee', 'achilles thick ropey tissue runs', 'pain', 'catching clicking use', 'symptoms typically worsen try squeeze grab something turn wrist']"
geographic tongue,"['ask move tongue different directions', 'touch tongue feel changes texture', 'check tenderness', 'see signs infection swollen lymph nodes neck']"
tendinosis,"['pain site tendon surrounding area pain may gradually build sudden severe especially', 'loss motion shoulder called adhesive capsulitis frozen shoulder']"
tonsillitis,"['throat pain tenderness', 'fever', 'red tonsils', 'white yellow coating tonsils', 'painful blisters ulcers throat', 'headache', 'loss appetite', 'ear pain', 'trouble swallowing', 'swollen glands', 'fever chills', 'bad breath', 'scratchy muffled voice', 'stiff neck', 'upset stomach', 'vomiting', 'stomach pain', 'drooling', 'wanting eat swallow']"
teething,"['swollen tender gums', 'fussiness crying', 'slightly raised temperature less 101', 'gnawing wanting chew hard things', 'lots drool cause rash face', 'coughing', 'rubbing cheek pulling ear', 'bringing hands mouth', 'changes eating sleeping patterns']"
thrombocytopenia (low platelet count),"['blood smear look platelets microscope see healthy', 'tests check blood clots way']"
tmj disorder,"['tmj pain tenderness face jaw joint area neck shoulders around ears chew speak open', 'problems try open mouth wide', 'jaws get stuck lock open closed mouth position', 'jaw clicking popping grating sounds joint open close mouth chew may may painful', 'tired feeling face', 'trouble chewing sudden uncomfortable bite upper lower', 'swelling side face', 'toothaches', 'earaches', 'hearing problems ringing ears tinnitus', 'headaches migraine', 'dizziness', 'numbness tingling fingers']"
childhood depression,"['changes appetite either increased appetite decreased', 'changes sleep sleeplessness excessive', 'continuous feelings sadness hopelessness', 'difficulty concentrating', 'fatigue', 'feelings worthlessness guilt', 'impaired thinking concentration', 'increased sensitivity rejection', 'irritability anger', 'loss interest hobbies interests', 'physical complaints stomachaches headaches respond treatment', 'reduced ability function events activities home friends school extracurricular activities involved hobbies interests', 'social withdrawal', 'thoughts death', 'vocal outbursts crying']"
felty's syndrome,"['drugs', 'drugs affect', 'drugs stimulate white blood cells granulocyte colony stimulating factor csf help increase number white blood cells help fight infection', 'home care doctor tell much physical activity rest need heating pad may help mild aches pains nonsteroidal anti inflammatory drug nsaid', 'surgery severe treatments work doctor may recommend spleen taken could return red white blood cells normal levels may lower risk infection indefinite amount time']"
congenital heart disease explained,"['bluish tint', 'fast', 'poor weight gain', 'lung', 'inability']"
spinal muscular atrophy,"['baby missed developmental milestones holding head rolling', 'child trouble sitting standing', 'seen child trouble', 'first notice symptoms', 'anyone family similar symptoms', 'nerve tests electromyogram emg', 'mri', 'muscle tissue biopsy', 'breathing', 'swallowing nutrition', 'movement', 'back issues']"
spinal stenosis,"['sciatica', 'foot drop', 'hard time standing walking', 'loss', 'radiculopathy', 'myelopathy', 'cauda equina syndrome', 'exercise', 'apply heat cold', 'practice good posture', 'lose weight', 'numbness', 'weakness', 'problems balance', 'loss bladder bowel control', 'paralysis']"
brown recluse spiders,"['clean soap water', 'apply', 'bitten arm leg keep raised resting reduce swelling', 'put ice', 'take counter pain medicine', 'watch severe symptoms', 'bite formed ulcer blister dark blue purple black center', 'extreme pain', 'infection site bite', 'trouble breathing']"
tuberculosis (tb),"['cough lasts weeks', 'chest pain', 'coughing blood', 'feeling tired time', 'night sweats', 'chills', 'fever', 'loss appetite', 'weight loss', 'inactive move slowly', 'bulge soft spot head', 'fussy', 'throw trouble feeding']"
smallpox,"['flu', 'headache', 'body aches', 'intense', 'high fever', 'mouth', 'rash starts flat red sores become raised bumps days later', 'bumps turn fluid filled blisters', 'crust usually second week smallpox', 'scabs form blisters fall usually third week disease cause permanent scars', 'blindness happen blisters form near']"
vascular dementia,"['problems short term memory', 'wandering getting lost familiar surroundings', 'laughing crying inappropriate times', 'trouble concentrating planning following activities', 'trouble managing money', 'inability follow instructions', 'loss', 'hallucinations']"
sarcoma,"['pain affected bone may worse night', 'swelling often starts weeks pain', 'limp sarcoma leg']"
small lymphocytic lymphoma,"['painless swelling neck', 'loss appetite', 'fatigue', 'night sweats', 'fever', 'weight loss']"
social anxiety disorder social phobia,"['rapid heartbeat', 'muscle tension', 'dizziness', 'blushing', 'crying', 'sweating', 'stomach trouble diarrhea', 'inability catch breath', 'body sensation']"
hip impingement,"['ray test produces images internal structures film rays show irregularities shape ball top thigh bone excess bone around rim socket', 'magnetic resonance imaging mri procedure uses large magnets radio waves computer produce detailed pictures tissues inside body mri show fraying tears cartilage including runs along rim socket labrum', 'scan technique combines special ray equipment sophisticated computers produce multiple images pictures inside body images examined computer printed transferred mri scan help doctor decide whether need surgery']"
sjogren's syndrome,"['age', 'sex', 'autoimmune issues', 'dry throat lips', 'dryness nose', 'change taste smell', 'swollen glands neck face', 'skin rashes sensitivity light', 'dry cough shortness breath', 'feeling tired', 'trouble concentrating remembering things', 'headache', 'dryness', 'swelling pain stiffness joints', 'muscle pain weakness', 'acid reflux stomach', 'numbness tingling parts body', 'trouble breathing']"
short bowel syndrome,"['blood', 'stool exam', 'rays chest belly', 'upper series also called barium ray drink special liquid coats throat', 'scan powerful ray makes detailed pictures inside body', 'ultrasound', 'bone density test', 'liver biopsy', 'feeling', 'symptoms begin', 'medical conditions', 'energy levels', 'diarrhea', 'problems eat certain foods', 'makes symptoms better makes worse', 'mild cases may need several small meals day along extra fluids vitamins minerals doctor probably also give medicine diarrhea', 'treatment moderate cases time time may need extra fluids minerals', 'serious cases may get feeding tube instead eating meals may tube placed directly stomach small intestine condition improves enough stop tube feedings', 'severe cases people need feeding tubes time', 'know eat', 'stay active', 'ask help', 'learn others']"
shaken baby syndrome,"['broken ribs bones', 'spinal cord neck injury', 'bleeding brain']"
know saw palmetto bph,"['may need get less often night pee', 'improve flow', 'ease']"
sars,"['chills', 'muscle aches']"
sarcoidosis,"['tender reddish bumps patches', 'red teary', 'swollen painful joints', 'enlarged tender lymph glands neck armpits groin', 'enlarged lymph glands chest around', 'hoarse voice', 'pain hands feet bony areas due formation cysts abnormal sac like growth bones', 'kidney stone formation', 'enlarged liver', 'development abnormal missed', 'nervous system effects including', 'chest rays', 'hrct scan high resolution provide even detailed look lungs lymph nodes provided chest ray', 'pulmonary function breathing tests', 'bronchoscopy']"
salmonella (salmonellosis),"['cramps stomach', 'bloody', 'diarrhea', 'cold', 'fever', 'headache', 'upset stomach', 'throwing', 'bloody poop', 'ongoing high fever', 'dehydration']"
shigella,"['nausea', 'vomiting', 'fever', 'cramping stomach abdominal area', 'tenesmus feeling need bathroom even nothing left intestines', 'diarrhea severe especially spot', 'fever']"
guide sexually transmitted diseases,"['bumps sores', 'swelling redness near penis vagina', 'skin rash', 'painful', 'lower', 'fever', 'painful urination', 'weight loss', 'aches pains fever', 'yellowing skin', 'discharge penis vagina', 'bleeding vagina monthly period', 'painful sex', 'severe', 'chlamydia', 'hiv', 'hepatitis', 'hepatitis', 'gonorrhea', 'human papillomavirus', 'syphilis']"
psychosis,"['auditory hallucinations hearing voices one around', 'tactile hallucinations strange sensations feelings explain', 'visual hallucinations see people things think shape things looks wrong', 'olfactory hallucinations smell odors one else', 'gustatory hallucinations taste things nothing mouth', 'outside forces control feelings actions', 'small events comments huge meaning', 'special powers special mission actually god', 'suddenly losing train thought conversation task', 'speaking quickly', 'talking constantly', 'cognitive behavioral therapy cbt', 'supportive psychotherapy', 'cognitive enhancement therapy', 'family psychoeducation support', 'coordinated specialty care csc']"
manage treat rosacea,"['middle aged older adults', 'women', 'light skinned people doctors may overlook people darker skin skin tone hide discolored skin', 'erythematotelangiectatic rosacea', 'papulopustular rosacea', 'phymatous rosacea', 'ocular rosacea', 'stinging burning skin', 'red pus filled bumps may resemble pimples', 'patches rough dry skin', 'swollen bulb shaped nose', 'larger pores', 'broken blood vessels eyelids', 'bumps eyelids', 'problems vision']"
blood thinner,"['blurred vision', 'chest pain', 'severe weakness dizziness', 'tingly hands feet face', 'move', 'swollen red arms calves feet']"
help epilepsy work,"['black', 'lose control bowels bladder', 'stare space', 'fall suddenly', 'get stiff muscles', 'bite tongue']"
restless legs syndrome (rls),"['leg massages', 'hot baths', 'heating pads', 'dopaminergic drugs act neurotransmitter dopamine brain fda approved pramipexole mirapex ropinirole requip rotigotine neupro moderate severe rls', 'parkinson disease drug carbidopa levodopa sinemet occasionally prescribed', 'benzodiazepines type sedative may help sleep cause daytime drowsiness', 'narcotic', 'anticonvulsant anti seizure drugs carbamazepine tegretol gabapentin neurontin gabapentin enacarbil horizant pregabalin lyrica', 'cut caffeine', 'drink alcohol cut back', 'stop smoking least cut back', 'bed get time day including weekends', 'exercise regularly moderately heavy', 'apply heat ice soak hot bath']"
severe hearing loss,"['often feel people speaking quietly mumbling', 'hard hear someone speak loud noisy place', 'long noticed problem', 'medical conditions', 'members family hearing loss']"
know food poisoning,"['severe belly pain', 'fever', 'bloody diarrhea dark stools', 'vomiting prolonged bloody', 'signs dehydration']"
measles,"['runny nose', 'red', 'sore throat', 'tiny white bumps']"
rabson-mendenhall syndrome,"['head face', 'nails', 'skin', 'teeth', 'larger organs normal including', 'much', 'slow growth birth', 'swelling belly', 'little', 'weak muscles', 'cysts', 'diabetes', 'kidney', 'biguanides', 'leptin', 'recombinant insulin like growth factor rhigf']"
rectal prolapse,"['feeling bulge outside anus', 'seeing red mass outside anal opening', 'pain', 'anal itching', 'constipation', 'able control poop fecal incontinence', 'bleeding rectum', 'leaking blood poop mucus anus']"
rabies,"['inability', 'anxiety', 'confusion', 'slight partial paralysis', 'hyperactivity', 'easily agitated', 'hallucinations', 'salivating usual', 'difficulty swallowing']"
pms,"['talk therapy way feel better learn new skills overcome challenges talking', 'counter otc medicines', 'prescription medications']"
primary immunodeficiency,"['four infections year ears lungs skin eyes mouth private parts', 'needs get antibiotics infections', 'gets one severe fast moving illness like septicemia', 'antibiotics work well', 'gets pneumonia year']"
treat prevent folliculitis,"['groups small bumps like pimples whiteheads', 'blisters', 'large areas swollen skin may leak pus', 'clean infected area', 'use salt', 'try gels creams washes', 'change habits', 'apply warm compresses', 'try scratch', 'squeeze pop cut open bumps']"
posttraumatic stress disorder (ptsd),"['selective serotonin reuptake inhibitors ssris', 'tricyclic', 'mood stabilizers', 'atypical antipsychotics', 'cognitive behavioral therapy', 'prolonged exposure therapy', 'psychodynamic therapy', 'family therapy', 'group therapy', 'eye desensitization reprocessing emdr']"
pompe disease,"['feeling weak legs trunk arms', 'shortness breath hard time exercising', 'trouble breathing sleep', 'big curve spine', 'enlarged liver', 'enlarged tongue makes hard chew swallow', 'stiff joints', 'feel weak fall often trouble walking running climbing stairs standing', 'hard time breathing especially night lie', 'get headaches morning', 'often tired day', 'child kinds health problems', 'anyone else family troubles like', 'check sample muscle see much glycogen', 'check', 'look genetic problem causes pompe disease', 'cardiologist heart doctor', 'neurologist treats', 'respiratory therapist help lungs breathing', 'nutritionist help eat stay healthy']"
preeclampsia,"['sudden weight gain days large increase bodily fluid', 'shoulder pain', 'belly pain especially upper right side', 'severe headaches', 'change reflexes mental state', 'peeing less', 'dizziness', 'trouble breathing', 'severe vomiting', 'vision changes like flashing lights floaters blurry vision', 'blurry vision', 'chest belly pain', 'headache', 'fatigue', 'upset stomach vomiting', 'swelling face hands', 'bleeding gums nose']"
relapsed/recurrent multiple myeloma,"['bone', 'bone breaks', 'fever', 'fatigue', 'weight loss', 'easy bruising', 'trouble breathing', 'weakness arms legs']"
paroxysmal nocturnal hemoglobinuria (pnh),"['broken red blood cells', 'red blood cells cause anemia', 'blood clots veins', 'feel tired weak', 'headaches', 'feel short breath', 'irregular heartbeat', 'belly pain', 'trouble swallowing', 'pale yellowish skin', 'bruise easily', 'men may trouble getting keeping erection', 'red painful swollen area', 'sore warm swollen limb', 'pain', 'ulcers bleeding', 'bad headache without vomiting', 'seizures', 'trouble moving talking seeing', 'trouble breathing', 'sharp chest pain', 'coughing blood', 'sweating', 'noticed blood urine', 'medications take', 'signs blood clots', 'stomach digestive problems', 'tested aplastic anemia bone marrow disorder', 'folic acid help bone marrow make normal blood cells', 'iron supplements make red blood cells', 'eculizumab', 'ravulizumab', 'pegcetacoplan']"
anemia diagnosis,"['complete blood count', 'blood iron level serum', 'levels', 'special blood tests detect rare causes anemia immune attack red blood cells red blood cell fragility defects enzymes hemoglobin clotting', 'reticulocyte count']"
pelvic inflammatory disease,"['pain lower belly pelvis', 'heavy discharge vagina unpleasant odor', 'bleeding usual period', 'bleeding periods', 'pain', 'fever chills', 'pain pee hard time going', 'throwing feeling like going throw', 'taking antibiotics symptoms improving doctor might ask take tests figure', 'need take antibiotics able keep pills instance doctor want get antibiotics directly body intravenous fluids', 'developed called tubo ovarian', 'sick stomach vomiting running high fever doctor might able rule another abdominal problem appendicitis']"
oral cancer,"['swellings thickenings lumps bumps rough spots crusts eroded areas lips gums cheek areas inside', 'velvety white red speckled white red patches mouth', 'unexplained bleeding mouth', 'unexplained numbness loss feeling pain tenderness area face mouth neck', 'persistent sores face neck mouth bleed easily heal within weeks', 'soreness feeling something caught back throat', 'difficulty chewing swallowing speaking moving jaw tongue', 'hoarseness chronic', 'ear pain', 'swelling', 'change way', 'dramatic weight loss']"
neuromyelitis optica,"['optic neuritis', 'transverse myelitis']"
obsessive-compulsive disorder (ocd),"['psychotherapy', 'relaxation', 'medication', 'neuromodulation']"
fatty liver,"['swollen belly', 'enlarged', 'larger normal breasts men', 'red palms', 'skin', 'nausea weight loss loss appetite', 'tiredness mental confusion', 'check body signs liver problems enlarged liver jaundice', 'check height weight calculate body mass index bmi bmi determines much weigh based height']"
surgery fixes perforated nasal septum,"['cautery treatment nosebleeds', 'certain diseases including', 'damage nose like breaking even picking much', 'infections', 'using drugs nose often ranging counter nasal sprays']"
heart disease hypertrophic cardiomyopathy,"['chest pain', 'shortness breath dyspnea', 'fatigue', 'fainting', 'palpitations fluttering chest', 'sudden death']"
opportunistic infections get hiv,"['fever days', 'bad diarrhea', 'weight loss', 'change vision', 'problems mouth skin breathing']"
syringomyelia,"['curving', 'changes loss bowel', 'heavy', 'able feel hot cold fingers hands arms upper chest', 'loss reflexes', 'muscle stiffness may make hard walk', 'muscle weakness especially arms hands shoulders', 'feeling numbness tingling burning piercing', 'pain neck shoulders sometimes arms hands', 'paralysis', 'headaches', 'sexual problems', 'swings', 'twitches', 'uncoordinated movements']"
ticks diseases spread,"['brain nervous system', 'joint pain away', 'heart', 'problems memory thinking clearly']"
mitral valve regurgitation,"['heart palpitations', 'coughing', 'fatigue', 'shortness breath', 'rapid', 'chest pain']"
period random,"['miss three periods year', 'get period often every days', 'get period less often every days', 'bleeding heavily usual period', 'bleed days']"
turner syndrome,"['growth spurts expected times childhood', 'shorter height might expected based parents height', 'learning disabilities', 'inability puberty normally ovarian failure', 'loss menstrual cycles', 'infertility']"
metastatic melanoma,"['ipilimumab', 'nivolumab', 'interferon']"
thrombocytopenia (low platelet count),"['bleeding', 'blotches bruises', 'red flat spots skin', 'fatigue', 'enlarged spleen', 'blood platelet transfusions', 'medicines', 'surgery', 'plasma exchange', 'happens thrombocytopenia']"
connective tissue disease,"['curved spine', 'weak', 'bleeding gums', 'problems lungs', 'blue gray tint whites eyes', 'thin skin', 'curved spine', 'breathing problems', 'hearing loss', 'teeth']"
miscarriage,"['bleeding goes light heavy', 'severe cramps', 'belly', 'weakness', 'worsening severe', 'fever', 'weight loss', 'white pink', 'contractions', 'tissue looks like', 'fewer']"
nausea,"['gallbladder disease', 'food poisoning', 'infections', 'ulcers', 'bulimia psychological illnesses', 'gastroparesis', 'motion sickness seasickness', 'early', 'ingesting something toxic', 'reaction medicines', 'intense pain', 'emotional stress fear', 'drinking much alcohol', 'using illicit drugs', 'overeating', 'reactions certain smells odors', 'food poisoning', 'milk allergy', 'motion sickness', 'overeating feeding', 'coughing', 'illnesses give child', 'aura visual sensory symptoms like hallucinations numbness muscle weakness', 'sensitivity light', 'change mood behavior', 'dry lips mouth', 'sunken', 'rapid breathing pulse']"
morning sickness,"['nausea without vomiting', 'nausea comes morning resurface time day', 'feeling sick smelling certain foods odors', 'nausea eating especially spicy foods', 'nausea vomiting brought heat severe salivation']"
pseudomyxoma peritonei,"['belly', 'changes bowel habits', 'enlarged ovary women', 'hernia', 'poor appetite', 'swollen belly', 'weight gain bigger waist size']"
mesothelioma,"['weight loss', 'swelling pain abdomen', 'blood clotting abnormalities', 'bowel obstruction', 'anemia', 'fever']"
amyotrophic lateral sclerosis (als),"['muscle twitching arm leg shoulder tongue', 'muscle cramps especially hands feet', 'muscle tightness stiffness', 'weakness hands arm leg one side body', 'trouble speaking loudly', 'slurred speech', 'problems chewing swallowing', 'trip fall often', 'drop things lot', 'lose weight', 'drool choke liquid', 'feel tired time', 'trouble controlling facial expressions', 'laugh cry without meaning', 'friends family', 'others als', 'psychologists psychiatrists', 'social workers', 'spiritual grief counselors']"
low blood pressure (hypotension),"['postural hypotension', 'neurally mediated hypotension', 'postprandial hypotension', 'multiple system atrophy orthostatic hypotension']"
listeria,"['headache', 'stiff neck', 'confusion', 'loss balance', 'convulsions', 'headache', 'fever', 'achy muscles', 'back pain']"
hypokalemia,"['weakness', 'fatigue', 'muscle cramps', 'constipation', 'arrhythmia']"
lissencephaly,"['difficulty swallowing', 'muscle spasms', 'severe mental physical challenges']"
bipolar disorder,"['feeling excited joyful like high', 'feeling touchy cranky', 'acting rude hostile toward others', 'fast racing thoughts', 'feeling extra talented special powerful important grandiose beliefs', 'feeling like harmed', 'increased sex drive', 'talking faster louder usual', 'feeling jumpy', 'feeling energetic active usual', 'acting impulse like spending way money usual', 'increase risk taking instance overusing drugs alcohol putting harm way', 'feeling like need less sleep due high energy', 'feeling happy excited', 'feeling productive usual', 'getting easily distracted', 'getting obsessed interest activity', 'finding hard sit still instance pacing fidgeting', 'higher self esteem usual', 'talking faster usual others may hard time getting word', 'lots thoughts', 'acting impulse things may regret later', 'sleeping lot still feeling rested', 'begin feeling depressed call doctor explain symptoms ask see soon possible', 'thoughts hurting call text 988 reach 988 suicide crisis lifeline free open hours day days week', 'feel someone else immediate danger call 911 get emergency room soon', 'mood stabilizers', 'antidepressants', 'anticonvulsants', 'antipsychotics', 'cognitive behavioral therapy cbt', 'interpersonal social rhythm therapy', 'psychoeducation', 'family therapy', 'know early signs mood episode', 'find ways deal stress', 'get moving', 'keep routine', 'avoid drugs alcohol', 'find support system', 'stick treatment even feel good']"
oral lichen planus,"['topical ointment gel', 'systemic medications']"
paget's disease breast,"['tingling', 'itching', 'sensitivity', 'burning', 'pain', 'bloody yellowish discharge nipple', 'oozing bleeding areas', 'nipple looks flattened breast', 'thickened skin nipple area', 'lump mass breast']"
management back pain,"['cervical vertebrae', 'thoracic vertebrae', 'lumbar vertebrae']"
lazy eye (amblyopia),"['trouble telling near far away something depth perception', 'squinting shutting one eye', 'head tilting']"
liposarcoma,"['new growing lump beneath skin especially around behind knees thighs', 'pain swelling', 'weakness arm leg lump', 'feeling full soon start eating', 'constipation', 'poop blood looks black tarry', 'cramping', 'bloody vomit', 'belly gets larger', 'scan mri help doctor see size scope tumor', 'biopsy involves removing small piece tumor test cancer cells']"
psoriasis,"['oregon grape topical creams', 'humidity', 'capsaicin topical creams', 'omega fatty acids', 'aloe vera', 'oat baths', 'anxiety', 'depression', 'sexual dysfunction', 'substance use disorders', 'sleep disorders', 'eating disorders', 'psychosis']"
nystagmus,"['ear exam', 'neurological exam', 'brain', 'brain', 'recording eye movement']"
tardive dyskinesia,"['lower dose', 'add another medication counteract movements', 'switch different drug', 'cerebral palsy', 'huntington disease', 'parkinson disease', 'stroke', 'tourette syndrome', 'blood', 'imaging scans brain mri scan']"
asthma common triggers explained,"['eggs', 'cow milk', 'peanuts', 'tree nuts', 'soy', 'wheat', 'fish', 'shrimp shellfish', 'salads', 'fresh fruits', 'aspirin', 'beta blockers', 'ace inhibitors']"
labyrinthitis,"['blurry', 'feeling unbalanced like fall', 'feeling lightheaded like floating', 'nausea vomiting', 'ringing ears']"
lam lung disease (lymphangioleiomyomatosis),"['chylous ascites flow lymph blocked errant muscle cells chyle milky lymph fluid builds belly', 'angiomyolipomas noncancerous tumors may grow']"
torticollis,"['child head tilts one side chin pointed opposite', 'head turn side side easily', 'feel soft lump baby neck muscle dangerous usually goes away within months', 'baby prefers look shoulder', 'baby trouble', 'baby works hard turn toward struggles turn head way becomes upset movement hard', 'might start getting flat head one sides lying one position time called positional plagiocephaly', 'one baby shoulders higher', 'baby muscle tightness stiffness', 'baby swollen neck muscles', 'notice baby uneven facial features example one eye might appear lower']"
interstitial cystitis,"['retrain bladder hold urine example feel need pee every minutes try stretch minutes', 'cut stress trigger taking minutes day something start stretch read book relaxation techniques talking friend meditation may help', 'wear loose clothing tight clothes put pressure bladder', 'low impact', 'change eat drink avoid triggers see examples possible trigger foods drinks', 'smoke quit', 'citrus fruits like oranges lemons', 'tomatoes', 'chocolate', 'caffeinated drinks like coffee sodas', 'carbonated drinks', 'alcohol', 'spicy foods', 'artificial sweeteners', 'neurostimulation', 'onabotulinumtoxina']"
hunter syndrome (mps ii),"['joint problems make hard move', 'numbness weakness tingling hands', 'lot', 'breathing problems', 'hearing loss', 'trouble walking weak muscles', 'bowel problems', 'heart', 'enlarged', 'bone thickening', 'trouble thinking learning time years old', 'trouble talking', 'behavior problems hard time sitting still aggression', 'high levels certain sugar urine', 'active missing protein', 'abnormal gene']"
neutropenia,"['sore throat', 'swollen lymph nodes', 'ulcers', 'burning sensation pee urgent frequent need pee', 'diarrhea', 'swollen areas filled pus abscesses', 'pain swelling rash infection', 'long lasting wounds', 'fatigue', 'neutrophil count goes', 'duration severe neutropenia gets longer']"
alcohol use disorder,"['shaking tremors', 'seeing feeling things really', 'seizures']"
remove tick,"['chills', 'fever', 'headache', 'muscle aches', 'rash']"
horner syndrome,"['sweat one side face', 'droopy upper eyelid', 'lower eyelid slightly raised inverse ptosis', 'small pupil black circle middle eye miosis', 'pupils different sizes anisocoria', 'pupil open dilate widely slow open dim light', 'sunken bloodshot']"
progeria,"['slow height weight growth', 'bigger head', 'large', 'small lower jaw', 'thin nose beaked tip', 'ears stick', 'veins see', 'slow abnormal', 'high pitched voice', 'loss body fat muscle', 'hair loss', 'thin wrinkled skin shows spots']"
asthma peak flow meter,"['twice day two three weeks asthma good control', 'time morning early evening', 'instructed doctor asthma care provider']"
homocystinuria,"['pale', 'abnormally shaped chest', 'slow', 'severe', 'tall slender build', 'long skinny fingers', 'weak bones', 'blood clots', 'seizures', 'developmental delays', 'learning disabilities', 'behavior emotional problems']"
hospice care,"['chaplain spiritual services loved ones', 'social work counseling', 'medicine ease pain', 'medical equipment supplies', 'advice eating', 'physical speech therapy', 'counseling loved ones']"
allergies,"['airborne allergens', 'certain foods', 'insect stings', 'medications', 'latex', 'nasal passages lungs', 'mouth', 'skin', 'absorption insect sting', 'itchy watery', 'sneezing', 'itchy', 'feeling tired ill', 'rashes', 'tingling mouth', 'swelling lips tongue face throat', 'hives', 'stomach', 'anaphylaxis', 'swelling redness pain site sting', 'itching hives', 'chest discomfort tightness', 'coughing', 'anaphylaxis', 'belly pain', 'anxiety', 'chest tightness', 'coughing', 'diarrhea', 'hard time breathing swallowing', 'dizziness', 'swelling face eyes tongue', 'anaphylaxis']"
autoimmune hemolytic anemia,"['chills', 'fast heartbeat known', 'pale', 'shortness breath', 'weakness', 'chest pain', 'yellow skin whites', 'dark urine', 'feeling abdominal fullness related enlarged spleen', 'cold hands feet', 'bluish reddish color hands feet', 'headache', 'digestive problems', 'pain back legs', 'number red blood cells white blood cells platelets', 'size red blood cells', 'much space red blood cells take blood hematocrit']"
hiatal hernia,"['heartburn gastroesophageal reflux disease gerd', 'chest pain', 'bloating', 'burping', 'trouble swallowing', 'bad taste mouth', 'upset stomach', 'backflow food liquid stomach mouth', 'severe pain chest belly', 'persistent upset stomach', 'vomiting', 'poop pass gas']"
her2-positive breast cancer,"['breast swelling', 'change shape', 'skin irritation dimpling', 'pain breast nipple', 'redness thickness nipple breast skin', 'discharge nipple breast milk', 'abemaciclib', 'fam trastuzumab deruxtecan', 'margetuximab', 'pertuzumab', 'pertuzumab trastuzumab hyaluronidase zzxf', 'trastuzumab hyaluronidase', 'dm1']"
ventricular septal defect,"['fast breathing', 'sweating', 'pallor', 'fast heartbeatsdecreased feeding', 'poor weight gain', 'fainting', 'shortness breath', 'chest pain', 'bluish discoloration skin cyanosis', 'medication prescribed depends severity symptoms', 'goal therapy reduce symptoms congestive heart failure poor growth development', 'routine antibiotic use warranted dental surgery invasive procedure vsd still present closure']"
hepatocellular carcinoma,"['pain upper right part belly', 'lump feeling heaviness upper belly', 'bloating swelling belly', 'loss appetite feelings fullness', 'weight loss', 'weakness deep fatigue', 'nausea vomiting', 'yellow skin eyes', 'pale chalky bowel movements dark urine', 'fever']"
altitude sickness,"['loss coordination trouble', 'severe', 'tightening chest', 'confusion', 'shortness breath even rest', 'inability walk', 'coma']"
hemophilia b,"['nosebleeds', 'lots blood loss small cuts', 'long term bleeding mouth biting', 'bleeding cut injury starts stopping', 'blood pee stool', 'large', 'headache', 'neck pain', 'vomiting', 'sleepiness', 'sudden weakness problems walking']"
hemophilia,"['pregnancy', 'autoimmune conditions', 'cancer', 'multiple sclerosis', 'surgery another procedure like tooth pulled', 'childbirth', 'serious injury', 'period']"
signs labor,"['mood swings', 'anxiety', 'irritability', 'impatience']"
hay fever,"['tree pollens typically appear early spring', 'grasses shed pollen late spring summer', 'ragweed makes pollen fall', 'indoor allergies might get worse winter', 'indoor outdoor molds along pet dander might trigger symptoms year round', 'stay indoors much possible peak pollen counts windy days ragweed highest morning tree grass pollens peak early evening', 'close windows use air conditioner', 'wear glasses sunglasses keep pollen eyes', 'wear mask work outdoors']"
hashimoto's thyroiditis,"['weight gain', 'fatigue', 'paleness puffiness face', 'joint', 'constipation', 'inability get warm', 'difficulty', 'hair loss thinning brittle', 'irregular heavy menstrual periods', 'depression', 'slowed heart rate', 'muscle aches tenderness', 'problems memory concentration', 'enlarged tongue']"
irritable bowel syndrome (ibs),"['diarrhea often described violent episodes diarrhea', 'constipation', 'constipation alternating diarrhea', 'belly pains', 'lot', 'harder looser stools normal pellets flat ribbon stools', 'belly sticks', 'mucus poop', 'feeling like still need poop', 'food intolerance', 'tiredness', 'anxiety', 'depression', 'heartburn', 'headaches', 'needing pee lot', 'rectal bleeding', 'weight loss', 'fever vomiting anemia', 'food allergies', 'medications', 'infection', 'enzyme deficiencies', 'inflammatory bowel diseases like ulcerative colitis crohn disease', 'flexible', 'upper', 'rays', 'blood tests look', 'stool tests blood infections', 'tests lactose intolerance', 'tests look problems bowel muscles', 'avoid', 'add fiber diet foods like fruits vegetables', 'drink least three four glasses', 'smoke', 'learn relax either getting', 'limit much milk', 'eat smaller meals often instead big meals', 'keep record foods eat figure foods bring bouts ibs', 'antispasmodics', 'antidepressants', 'probiotics', 'linaclotide', 'lubiprostone', 'plecanatide trulance', 'polyethylene glycol peg', 'tegaserod', 'tenapanor ibsrela', 'alosetron', 'bile acid sequestrants', 'eluxadoline viberzi', 'loperamide']"
hand foot mouth disease (hfmd),"['fever', 'sore throat', 'feeling unwell', 'loss appetite', 'fatigue', 'crankiness', 'flat spots sores knees elbows buttocks']"
anaphylaxis allergies,"['stage', 'stage', 'stage', 'stage']"
trichotillomania,"['antidepressants', 'atypical antipsychotics', 'acetyl cysteine amino acid supplement']"
retinoschisis,"['eyes look different directions', 'poor close vision', 'bleeding eye caused damaged blood vessels', 'visual acuity test check well focus', 'field vision test measure central side vision', 'ophthalmoscopy dilation look back eye including retina', 'slit lamp exam get large three dimensional view different parts eye']"
astrocytoma,"['surgery', 'radiation', 'chemotherapy', 'targeted therapy newer type treatment may used help shrink tumors works differently chemotherapy targets certain proteins help tumors grow', 'electric field therapy uses electrical fields target cells tumor damaging normal cells done putting electrodes directly scalp device called optune given chemotherapy surgery radiation fda approved newly diagnosed people people whose glioblastoma come back']"
giant cell arteritis (temporal arteritis),"['fever', 'fatigue', 'pain jaw chew', 'pain face', 'vision problems blurred vision double vision sudden vision loss', 'pain shoulders arms neck hip', 'appetite loss', 'weight loss', 'cough', 'sore throat', 'tongue pain']"
gingivitis periodontal disease (gum disease),"['gums bleed tooth brushing', 'red swollen gums healthy gums pink firm', 'persistent', 'receding gums', 'formation deep pockets teeth gums', 'loose shifting teeth', 'changes way teeth fit together upon biting fit partial dentures']"
h. pylori infection,"['bloating', 'burping', 'appetite', 'nausea', 'vomiting', 'weight loss clear reason', 'bloody dark red black poop', 'trouble breathing', 'dizziness', 'pale', 'vomit', 'serious sharp', 'belly pain swelling', 'bloating', 'nausea', 'loss appetite', 'feeling full eat small amount', 'vomiting', 'weight loss reason', 'black poop', 'block digested food leaving stomach', 'leave hole wall stomach', 'cause bleeding', 'belly pain swelling', 'nausea', 'feeling', 'feeling full eat small amount', 'vomiting', 'weight loss reason']"
hives skin,"['dizziness', 'wheezing', 'difficulty breathing', 'tightness chest', 'swelling tongue lips face']"
gaucher disease,"['easy bruising', 'nosebleeds', 'tiredness', 'enlarged spleen liver makes belly look swollen', 'bone problems like pain breaks', 'lung disease', 'slow back forth eye movement', 'gaining weight growing expected called failure thrive', 'high pitched sound breathing', 'seizures', 'brain damage', 'enlarged liver spleen', 'inability swallow', 'pneumonia', 'throat muscle spasms', 'collodion skin looks like thin shiny coating', 'slow heart rate', 'infections', 'lung problems', 'bluish skin', 'much fluid baby body soon born', 'dry scaly skin', 'enlarged liver spleen', 'serious brain spinal cord problems', 'swollen stomach', 'unusual facial features', 'hardening heart valves blood vessels', 'bone disease', 'enlarged spleen', 'eye problems', 'blood transfusions anemia', 'medications strengthen bones prevent buildup fat ease pain', 'joint replacement surgery help move better', 'surgery remove swollen spleen', 'stem cell transplant reverse type symptoms procedure complicated cause short term long term problems rarely used', 'pain treatments kids adults gaucher may take drugs like acetaminophen ibuprofen mild pain opioids stronger pain antidepressants anti anxiety drugs muscle relaxers may also help pain', 'vitamin calcium supplements may help ease gaucher symptoms doctor may recommend think getting enough diet']"
gastroparesis,"['radioisotope gastric emptying scan gastric scintigraphy', 'blood tests', 'barium ray', 'gastric emptying breath tests 13c gebts', 'gastric manometry', 'electrogastrography', 'smart pill', 'ultrasound', 'upper endoscopy']"
gastroenteritis ("stomach flu"),"['gradually ease food back person diet', 'start bland easy digest food crackers bananas toast rice chicken', 'avoid dairy', 'little urination', 'extreme thirst', 'lack tears', 'dry mouth', 'sunken', 'dizziness', 'rapid breathing heartbeat', 'lack alertness', 'blurred', 'trouble swallowing breathing', 'muscle weakness']"
gastritis,"['nausea recurrent', 'abdominal', 'abdominal pain', 'vomiting', 'indigestion', 'burning gnawing feeling stomach meals night', 'hiccups', 'loss appetite', 'vomiting', 'black tarry stools']"
growth hormone stimulation test,"['low energy', 'less strength', 'depression', 'decline muscle mass', 'increase body']"
zollinger-ellison syndrome,"['abdominal pain', 'burning pain', 'nausea', 'diarrhea', 'weight loss', 'vomiting', 'bleeding stomach', 'weakness', 'fatigue']"
stomach cancer,"['stomach pain', 'blood', 'vomiting', 'weight loss', 'trouble swallowing', 'yellowish', 'swelling stomach', 'constipation', 'weakness', 'heartburn']"
tay-sachs disease,"['loss motor skills turning sitting crawling', 'strong reaction loud noises', 'trouble focusing objects following', 'cherry red spots identified']"
mucopolysaccharidosis (mps i),"['severe', 'attenuated less severe', 'shorter average stocky build', 'large head bulging forehead', 'thick lips widely spaced teeth large tongue', 'short flat nose wide nostrils', 'thick tough skin', 'short broad hands curving fingers', 'knock knees walking toes', 'curved spine', 'lot specific sugar urine', 'active missing protein blood skin cells']"
glioblastoma,"['constant', 'seizures', 'vomiting', 'trouble thinking', 'changes mood personality', 'double', 'trouble speaking']"
ganglion cyst,"['bump goes away comes back', 'one large cyst many smaller cysts', 'degree', 'long lasting pain gets worse move affected joint', 'pressure nerves causes tingling numbness', 'weakness affected finger cyst connected tendon']"
lysosomal storage disorders,"['pain numbness tingling burning hands feet', 'body aches', 'fever', 'tiredness', 'red purple', 'trouble', 'swelling lower legs', 'clouding', 'diarrhea', 'trouble breathing', 'ringing ears', 'dizziness', 'abnormal', 'anemia', 'enlarged spleen', 'easy bleeding bruising', 'tiredness', 'bone pain', 'joint pain', 'eye problems', 'seizures', 'muscle', 'stiff limbs', 'trouble walking', 'vision', 'muscle spasms', 'seizures', 'red spot back', 'vision hearing loss', 'seizures', 'medicine', 'surgery', 'physical therapy', 'dialysis treatment removes toxic substances body']"
cholecystitis,"['nausea', 'vomiting', 'fever', 'bloating', 'yellow', 'bowel movements', 'detail symptoms started felt way', 'describe severe pain', 'talk whether anything makes pain better worse', 'ray belly show internal organs bones tissues', 'ultrasound', 'scan', 'hida scan checks gallbladder squeezes bile blocked get shot chemical scanner traces moves body', 'ptc uses dye injected liver show bile moving body', 'ercp uses long flexible tube threaded throat']"
food allergy food intolerance,"['food poisoning', 'histamine toxicity', 'food additives', 'lactose intolerance', 'gluten intolerance', 'diseases', 'psychological triggers']"
food addiction,"['anxiety', 'agitation', 'physical symptoms', 'eating food causes problems depression', 'need eat food reduce negative emotions increase pleasure', 'eating amount food reduce negative emotions increase pleasure way used']"
heartburn,"['tomatoes', 'citrus fruits', 'garlic onions', 'chocolate', 'coffee caffeinated products', 'alcohol', 'peppermint', 'foods high fats oils', 'eat right bedtime', 'smoke vape use tobacco products', 'wear tight fitting clothing belts', 'lie bend eating', 'stressed', 'pregnant', 'take certain medications including antibiotics nonsteroidal anti inflammatory drugs nsaids', 'constipated', 'ray', 'endoscopy', 'ambulatory acid probe test esophageal monitoring', 'esophageal motility testing esophageal manometry', 'treatments helped', 'les muscle work properly', 'heartburn caused gerd', 'cancer esophagus keep mind trouble swallowing heartburn gerd common symptom type cancer']"
follicular lymphoma,"['painless swelling lymph nodes neck groin', 'shortness breath', 'fatigue', 'night sweats', 'weight loss']"
necrotizing fasciitis (flesh-eating bacteria),"['serious', 'inflammation', 'fever', 'nausea', 'increasing pain general area minor cut abrasion skin opening', 'pain worse would expected appearance cut abrasion', 'redness warmth around wound though symptoms begin areas body', 'flu like symptoms', 'intense thirst due', 'swelling possibly along purplish', 'large violet colored marks turn', 'discoloration peeling flakiness tissue death', 'dizziness fatigue nausea', 'severe drop', 'toxic shock', 'unconsciousness']"
prolactinoma,"['irregular menstrual periods', 'lack menstrual periods', 'low', 'painful intercourse caused', 'problems', 'unusual production', 'problems getting maintaining erection', 'decreased interest sex', 'breast milk production rare cases']"
fitz-hugh-curtis syndrome,"['fever', 'chills', 'night sweat', 'nausea vomiting', 'hiccups', 'headaches', 'general feeling poor health malaise']"
cysts lumps bumps skin,"['red brown purple growth change colors time', 'growth small pellet', 'tenderness pain', 'dimple appears growth pinched', 'multiple red pimples pustules hair bearing areas body', 'itching skin', 'painless slow growing mass', 'occasional pain', 'electric like shock affected area touched', 'neurological problems tumor involves major motor sensory nerve nerve compressed tumor hard structure']"
interstitial lung disease (ild),"['cough', 'weight loss']"
uterine fibroids,"['heavy long painful periods', 'pain lower', 'painful sex', 'peeing often', 'discomfort rectum', 'gonadotropin releasing hormone gnrh agonists', 'gnrh antagonists', 'progestin releasing intrauterine device iud', 'tranexamic acid', 'myomectomy', 'endometrial ablation', 'uterine fibroid embolization ufe uterine artery embolization uae', 'hysterectomy']"
pulmonary arterial hypertension,"['chest pain', 'fatigue', 'passing', 'swelling']"
gilbert syndrome,"['nausea diarrhea', 'abdominal discomfort', 'fatigue', 'dark urine', 'stressed', 'dehydrated', 'exercise', 'infection like', 'skip meals', 'drink', 'take medicines affect', 'outside cold weather', 'period', 'recovering surgery']"
basal ganglia calcification,"['clumsiness', 'walking', 'talking slowly usual slurring words', 'difficulty swallowing', 'involuntary movement arms legs', 'cramped muscles', 'stiff arms legs called spasticity', 'tremors muscle stiffness lack facial expression', 'poor concentration', 'lapses memory', 'mood changes', 'psychosis', 'dementia', 'tiredness', 'migraines', 'seizures', 'vertigo', 'able control urinate called', 'impotence']"
tetralogy fallot,"['growth development slower especially pulmonary stenosis severe puberty may delayed tetralogy untreated', 'child usually tires easily begins panting form exertion may play short time sitting lying', 'able walk child often assumes squatting position catch breath resumes physical activity squatting increases pressure transiently aorta left ventricle causing less blood move left ventricle pulmonary artery lungs', 'child suddenly becomes blue difficulty breathing may become extremely irritable even faint', 'children tetralogy fallot experience spells', 'spells often happen feeding crying straining awakening morning', 'spells last minutes hours', 'bluish discoloration', 'trouble breathing', 'seizures', 'fainting', 'extreme fatigue weakness', 'lab tests red blood cell count hemoglobin may elevated body attempts compensate lack oxygen tissues', 'electrocardiogram ecg painless quick test measures records electrical activity heart structural abnormalities heart usually produce abnormal recordings ecg tetralogy fallot right ventricular hypertrophy almost always present', 'chest ray imaging image may demonstrate classic boot shaped heart occurs right ventricle enlarged also may show abnormal aorta', 'echocardiography imaging test key demonstrate ventricular septal defect large hole left right ventricles degree pulmonary stenosis reveal unanticipated defects many patients need cardiac catheterization clinical ecg echocardiogram findings routine expected', 'cardiac catheterization invasive procedure accomplished cardiologist special laboratory patient local general anesthesia procedure done patients suspected tetralogy prior echocardiography procedure could used confirm diagnosis needed small tube catheter inserted skin blood vessel usually groin advanced inferior vena cava heart ray image taken small amount dye infused dye helps highlight ventricular septal defect pulmonary stenosis overriding aorta size pulmonary arteries', 'right ventricular failure right ventricular failure possible especially surgery created severe pulmonary valve insufficiency leaking blood backward pulmonary artery right ventricle', 'electrical conduction abnormalities every patient tetralogy fallot right bundle branch block secondary congenital ventricular septal defect sewing patch ventricular septum create heart block failure upper atria conduct communicate lower ventricles permanent pacemaker occasionally needed', 'arrhythmias surgery ventricles postoperative ventricular tachycardia infrequent risk life threatening arrhythmia follow detect risk ventricular tachycardia important', 'residual hole ventricular septum also possible oxygenated blood passing left side heart right shunting']"
ataxia,"['counseling', 'physical occupational', 'speech', 'support groups']"
epstein-barr virus (ebv) infection,"['fever', 'sore throat', 'swollen glands neck', 'swollen liver spleen', 'tiredness', 'get plenty rest', 'drink lot water liquids stay hydrated', 'suck lozenges ice pops gargle warm salt water make', 'take counter medications like', 'sudden sharp pain left side belly could mean problem spleen', 'little urine sign', 'trouble breathing']"
primary sclerosing cholangitis,"['fatigue', 'itchy skin', 'yellowish']"
